account_id,account_name,account_address,account_description,brand_name,industry,website,linkedin_profile,company_size,created_at,updated_at
1,Company 001 JSC,,,,FMCG,,,51-200,2026-03-09 17:17:09,2026-03-09 17:17:09
2,Company 002 JSC,,,,Banking,,,51-200,2025-04-15 09:24:06,2025-04-15 09:24:06
3,Company 003 JSC,,,,Education,,,201-500,2026-09-11 15:51:02,2026-09-11 15:51:02
4,Company 004 JSC,,,,Education,,,unknown,2026-07-02 09:35:18,2026-07-02 09:35:18
5,Company 005 JSC,,,,Retail,,,11-50,2026-01-06 13:45:04,2026-01-06 13:45:04
6,Company 006 JSC,,,,Retail,,,201-500,2025-10-24 09:54:14,2025-10-24 09:54:14
7,Company 007 JSC,,,,Banking,,,11-50,2025-10-12 18:10:23,2025-10-12 18:10:23
8,Company 008 JSC,,,,FMCG,,,unknown,2025-10-01 09:38:40,2025-10-01 09:38:40
9,Company 009 JSC,,,,Banking,,,unknown,2025-09-08 12:29:24,2025-09-08 12:29:24
10,Company 010 JSC,,,,Retail,,,11-50,2025-08-13 17:53:49,2025-08-13 17:53:49
11,Company 011 JSC,,,,FMCG,,,unknown,2025-02-02 19:17:04,2025-02-02 19:17:04
12,Company 012 JSC,,,,Technology,,,201-500,2025-11-19 13:41:31,2025-11-19 13:41:31
13,Company 013 JSC,,,,Education,,,unknown,2025-05-27 15:08:15,2025-05-27 15:08:15
14,Company 014 JSC,,,,Technology,,,unknown,2026-07-06 15:47:37,2026-07-06 15:47:37
15,Company 015 JSC,,,,Logistics,,,201-500,2026-02-13 18:14:08,2026-02-13 18:14:08
16,Company 016 JSC,,,,FMCG,,,11-50,2025-04-04 08:55:07,2025-04-04 08:55:07
17,Company 017 JSC,,,,Logistics,,,201-500,2026-03-09 09:24:24,2026-03-09 09:24:24
18,Company 018 JSC,,,,Retail,,,1-10,2026-06-26 15:35:55,2026-06-26 15:35:55
19,Company 019 JSC,,,,Technology,,,11-50,2026-07-04 17:07:18,2026-07-04 17:07:18
20,Company 020 JSC,,,,Education,,,51-200,2026-04-10 07:46:56,2026-04-10 07:46:56
21,Company 021 JSC,,,,Retail,,,51-200,2026-05-28 12:32:58,2026-05-28 12:32:58
22,Company 022 JSC,,,,FMCG,,,unknown,2026-06-04 13:09:23,2026-06-04 13:09:23
23,Company 023 JSC,,,,Retail,,,51-200,2026-06-28 17:31:01,2026-06-28 17:31:01
24,Company 024 JSC,,,,Logistics,,,1-10,2025-11-11 14:03:15,2025-11-11 14:03:15
25,Company 025 JSC,,,,FMCG,,,11-50,2025-03-29 09:48:34,2025-03-29 09:48:34
26,Company 026 JSC,,,,Logistics,,,201-500,2026-05-02 12:16:33,2026-05-02 12:16:33
27,Company 027 JSC,,,,Technology,,,51-200,2025-08-05 13:45:19,2025-08-05 13:45:19
28,Company 028 JSC,,,,FMCG,,,11-50,2026-03-25 23:28:07,2026-03-25 23:28:07
29,Company 029 JSC,,,,Logistics,,,11-50,2025-03-07 17:01:37,2025-03-07 17:01:37
30,Company 030 JSC,,,,Education,,,1-10,2026-08-26 14:00:04,2026-08-26 14:00:04
31,Company 031 JSC,,,,FMCG,,,51-200,2025-08-22 17:04:32,2025-08-22 17:04:32
32,Company 032 JSC,,,,Education,,,unknown,2026-05-13 13:34:08,2026-05-13 13:34:08
33,Company 033 JSC,,,,Technology,,,201-500,2026-08-14 22:15:50,2026-08-14 22:15:50
34,Company 034 JSC,,,,Technology,,,51-200,2025-07-14 10:06:42,2025-07-14 10:06:42
35,Company 035 JSC,,,,Education,,,1-10,2026-03-10 20:29:55,2026-03-10 20:29:55
36,Company 036 JSC,,,,Banking,,,1-10,2025-04-11 08:25:46,2025-04-11 08:25:46
37,Company 037 JSC,,,,Technology,,,11-50,2025-09-12 13:12:34,2025-09-12 13:12:34
38,Company 038 JSC,,,,FMCG,,,1-10,2026-03-09 12:17:29,2026-03-09 12:17:29
39,Company 039 JSC,,,,Logistics,,,1-10,2026-03-30 10:03:41,2026-03-30 10:03:41
40,Company 040 JSC,,,,Technology,,,201-500,2025-04-06 14:10:26,2025-04-06 14:10:26
