stage_id,pipeline_id,stage_name
77,2042,Lead In
78,2042,Interested
79,2042,Engaged
80,2042,Needs Exploration
91,2042,Solution Fit
92,2042,Ready To Purchase
224,2042,Payment Completion
72,2037,Interested
73,2037,Engaged
74,2037,Needs Exploration
75,2037,Solution Fit
76,2037,Ready To Purchase
216,2576,Qualified
217,2576,Contact Made
218,2576,Needs Discovery
219,2576,Learning Design
220,2576,Proposal
221,2576,Final Negotiation
222,2576,Quotation
225,2754,Timing Not Ready - Short Term
226,2754,Timing Not Ready – Mid Term
227,2754,Timing Not Ready – Long Term
228,2754,Re-Activated
229,2754,Ready To Purchase
