class_id,class_code,class_start_date,course
1,A01,2025-01-24,Course A - Foundation
2,A02,2025-04-01,Course A - Foundation
3,A03,2025-06-15,Course A - Foundation
4,A04,2025-08-22,Course A - Foundation
5,A05,2025-10-31,Course A - Foundation
6,A06,2026-01-01,Course A - Foundation
7,A07,2026-03-08,Course A - Foundation
8,A08,2026-05-14,Course A - Foundation
9,A09,2026-07-13,Course A - Foundation
10,A10,2026-08-31,Course A - Foundation
11,A11,2026-10-21,Course A - Foundation
12,B01,2025-01-17,Course B - Foundation
13,B02,2025-04-02,Course B - Foundation
14,B03,2025-05-18,Course B - Foundation
15,B04,2025-07-20,Course B - Foundation
16,B05,2025-09-26,Course B - Foundation
17,B06,2025-11-27,Course B - Foundation
18,B07,2026-01-12,Course B - Foundation
19,B08,2026-03-21,Course B - Foundation
20,B09,2026-05-15,Course B - Foundation
21,B10,2026-06-30,Course B - Foundation
22,B11,2026-08-15,Course B - Foundation
23,B12,2026-10-17,Course B - Foundation
24,C01,2025-01-27,Course C - Advanced
25,C02,2025-04-11,Course C - Advanced
26,C03,2025-06-22,Course C - Advanced
27,C04,2025-08-22,Course C - Advanced
28,C05,2025-10-11,Course C - Advanced
29,C06,2025-11-26,Course C - Advanced
30,C07,2026-02-09,Course C - Advanced
31,C08,2026-04-11,Course C - Advanced
32,C09,2026-05-28,Course C - Advanced
33,C10,2026-08-08,Course C - Advanced
34,C11,2026-09-27,Course C - Advanced
35,C12,2026-11-13,Course C - Advanced
36,D01,2025-01-13,Course D - Advanced
37,D02,2025-03-20,Course D - Advanced
38,D03,2025-05-31,Course D - Advanced
39,D04,2025-07-22,Course D - Advanced
40,D05,2025-09-17,Course D - Advanced
41,D06,2025-11-04,Course D - Advanced
42,D07,2026-01-18,Course D - Advanced
43,D08,2026-04-01,Course D - Advanced
44,D09,2026-06-03,Course D - Advanced
45,D10,2026-07-25,Course D - Advanced
46,D11,2026-09-26,Course D - Advanced
47,E01,2025-01-12,Course E - Specialist
48,E02,2025-03-17,Course E - Specialist
49,E03,2025-05-03,Course E - Specialist
50,E04,2025-06-30,Course E - Specialist
51,E05,2025-09-04,Course E - Specialist
52,E06,2025-11-06,Course E - Specialist
53,E07,2026-01-08,Course E - Specialist
54,E08,2026-03-10,Course E - Specialist
55,E09,2026-05-04,Course E - Specialist
56,E10,2026-07-17,Course E - Specialist
57,E11,2026-09-08,Course E - Specialist
58,E12,2026-10-29,Course E - Specialist
59,F01,2025-02-02,Course F - Short course
60,F02,2025-03-29,Course F - Short course
61,F03,2025-05-20,Course F - Short course
62,F04,2025-07-12,Course F - Short course
63,F05,2025-09-07,Course F - Short course
64,F06,2025-10-26,Course F - Short course
65,F07,2025-12-31,Course F - Short course
66,F08,2026-03-06,Course F - Short course
67,F09,2026-04-29,Course F - Short course
68,F10,2026-06-27,Course F - Short course
69,F11,2026-08-21,Course F - Short course
70,F12,2026-11-03,Course F - Short course
71,G01,2025-02-09,Program G - Professional
72,G02,2025-03-28,Program G - Professional
73,G03,2025-05-12,Program G - Professional
74,G04,2025-07-10,Program G - Professional
75,G05,2025-09-12,Program G - Professional
76,G06,2025-11-14,Program G - Professional
77,G07,2026-01-01,Program G - Professional
78,G08,2026-02-17,Program G - Professional
79,G09,2026-04-20,Program G - Professional
80,G10,2026-06-10,Program G - Professional
81,G11,2026-08-10,Program G - Professional
82,G12,2026-10-02,Program G - Professional
83,G13,2026-11-20,Program G - Professional
84,Course01,2025-01-22,Combo: Course A + Course C
85,Course02,2025-04-05,Combo: Course A + Course C
86,Course03,2025-05-22,Combo: Course A + Course C
87,Course04,2025-08-03,Combo: Course A + Course C
88,Course05,2025-09-24,Combo: Course A + Course C
89,Course06,2025-11-19,Combo: Course A + Course C
90,Course07,2026-01-12,Combo: Course A + Course C
91,Course08,2026-03-03,Combo: Course A + Course C
92,Course09,2026-05-01,Combo: Course A + Course C
93,Course10,2026-07-11,Combo: Course A + Course C
94,Course11,2026-09-11,Combo: Course A + Course C
95,Course12,2026-11-17,Combo: Course A + Course C
